{
  "PUT_Update_Character_by_ID" : {
    "transaction" : "PUT_Update_Character_by_ID",
    "sampleCount" : 1996,
    "errorCount" : 1996,
    "errorPct" : 100.0,
    "meanResTime" : 25.683366733466936,
    "medianResTime" : 22.0,
    "minResTime" : 1.0,
    "maxResTime" : 508.0,
    "pct1ResTime" : 35.0,
    "pct2ResTime" : 46.149999999999864,
    "pct3ResTime" : 110.26999999999975,
    "throughput" : 29.104695246427532,
    "receivedKBytesPerSec" : 11.965895213619131,
    "sentKBytesPerSec" : 6.8498355023330415
  },
  "DELETE_Delete_Character_by_ID" : {
    "transaction" : "DELETE_Delete_Character_by_ID",
    "sampleCount" : 1996,
    "errorCount" : 1996,
    "errorPct" : 100.0,
    "meanResTime" : 25.39128256513027,
    "medianResTime" : 23.0,
    "minResTime" : 0.0,
    "maxResTime" : 371.0,
    "pct1ResTime" : 39.0,
    "pct2ResTime" : 45.0,
    "pct3ResTime" : 64.02999999999997,
    "throughput" : 29.234284375183083,
    "receivedKBytesPerSec" : 12.104820874099245,
    "sentKBytesPerSec" : 5.652722955357667
  },
  "GET_Character_by_ID" : {
    "transaction" : "GET_Character_by_ID",
    "sampleCount" : 1998,
    "errorCount" : 1998,
    "errorPct" : 100.0,
    "meanResTime" : 29.011511511511507,
    "medianResTime" : 22.0,
    "minResTime" : 2.0,
    "maxResTime" : 561.0,
    "pct1ResTime" : 41.100000000000136,
    "pct2ResTime" : 55.049999999999955,
    "pct3ResTime" : 190.37999999999965,
    "throughput" : 28.93932590779392,
    "receivedKBytesPerSec" : 11.897906452325431,
    "sentKBytesPerSec" : 4.9739466404020805
  },
  "Debug Sampler" : {
    "transaction" : "Debug Sampler",
    "sampleCount" : 1995,
    "errorCount" : 0,
    "errorPct" : 0.0,
    "meanResTime" : 0.24661654135338343,
    "medianResTime" : 0.0,
    "minResTime" : 0.0,
    "maxResTime" : 63.0,
    "pct1ResTime" : 0.0,
    "pct2ResTime" : 1.0,
    "pct3ResTime" : 3.0,
    "throughput" : 29.236338057065815,
    "receivedKBytesPerSec" : 9.373680495002711,
    "sentKBytesPerSec" : 0.0
  },
  "Total" : {
    "transaction" : "Total",
    "sampleCount" : 11981,
    "errorCount" : 5990,
    "errorPct" : 49.995827,
    "meanResTime" : 3756.67732242719,
    "medianResTime" : 23.0,
    "minResTime" : 0.0,
    "maxResTime" : 60317.0,
    "pct1ResTime" : 14543.400000000003,
    "pct2ResTime" : 28050.9,
    "pct3ResTime" : 40767.36,
    "throughput" : 172.03204870484177,
    "receivedKBytesPerSec" : 10489.089574074937,
    "sentKBytesPerSec" : 28.843663286679394
  },
  "POST_Add_Character" : {
    "transaction" : "POST_Add_Character",
    "sampleCount" : 1997,
    "errorCount" : 0,
    "errorPct" : 0.0,
    "meanResTime" : 29.401602403605423,
    "medianResTime" : 23.0,
    "minResTime" : 1.0,
    "maxResTime" : 506.0,
    "pct1ResTime" : 38.0,
    "pct2ResTime" : 47.0,
    "pct3ResTime" : 309.02,
    "throughput" : 28.945384972170686,
    "receivedKBytesPerSec" : 7.462482063137754,
    "sentKBytesPerSec" : 6.755807625340619
  },
  "GET_All_Characters" : {
    "transaction" : "GET_All_Characters",
    "sampleCount" : 1999,
    "errorCount" : 0,
    "errorPct" : 0.0,
    "meanResTime" : 22406.020010004973,
    "medianResTime" : 19722.0,
    "minResTime" : 33.0,
    "maxResTime" : 60317.0,
    "pct1ResTime" : 40046.0,
    "pct2ResTime" : 40794.0,
    "pct3ResTime" : 60106.0,
    "throughput" : 28.715900765661587,
    "receivedKBytesPerSec" : 10441.715451069664,
    "sentKBytesPerSec" : 4.935545444098085
  }
}