{
  "PUT_Update_Character_by_ID" : {
    "transaction" : "PUT_Update_Character_by_ID",
    "sampleCount" : 1995,
    "errorCount" : 1995,
    "errorPct" : 100.0,
    "meanResTime" : 27.025563909774473,
    "medianResTime" : 24.0,
    "minResTime" : 1.0,
    "maxResTime" : 438.0,
    "pct1ResTime" : 38.0,
    "pct2ResTime" : 49.0,
    "pct3ResTime" : 123.07999999999993,
    "throughput" : 17.26824201506102,
    "receivedKBytesPerSec" : 7.099540906582706,
    "sentKBytesPerSec" : 4.06410773987276
  },
  "DELETE_Delete_Character_by_ID" : {
    "transaction" : "DELETE_Delete_Character_by_ID",
    "sampleCount" : 1994,
    "errorCount" : 1994,
    "errorPct" : 100.0,
    "meanResTime" : 27.657973921765326,
    "medianResTime" : 25.0,
    "minResTime" : 0.0,
    "maxResTime" : 464.0,
    "pct1ResTime" : 39.0,
    "pct2ResTime" : 48.0,
    "pct3ResTime" : 149.14999999999986,
    "throughput" : 17.305572672122754,
    "receivedKBytesPerSec" : 7.165588684550827,
    "sentKBytesPerSec" : 3.3461947158987355
  },
  "GET_Character_by_ID" : {
    "transaction" : "GET_Character_by_ID",
    "sampleCount" : 1996,
    "errorCount" : 1996,
    "errorPct" : 100.0,
    "meanResTime" : 305.41282565130257,
    "medianResTime" : 25.0,
    "minResTime" : 2.0,
    "maxResTime" : 4333.0,
    "pct1ResTime" : 1014.599999999999,
    "pct2ResTime" : 2687.749999999999,
    "pct3ResTime" : 4014.629999999999,
    "throughput" : 17.237656853177654,
    "receivedKBytesPerSec" : 7.086966342956828,
    "sentKBytesPerSec" : 2.962722271639909
  },
  "Debug Sampler" : {
    "transaction" : "Debug Sampler",
    "sampleCount" : 1994,
    "errorCount" : 0,
    "errorPct" : 0.0,
    "meanResTime" : 0.24072216649949804,
    "medianResTime" : 0.0,
    "minResTime" : 0.0,
    "maxResTime" : 61.0,
    "pct1ResTime" : 0.0,
    "pct2ResTime" : 1.0,
    "pct3ResTime" : 3.0,
    "throughput" : 17.31173273601778,
    "receivedKBytesPerSec" : 5.550717763517737,
    "sentKBytesPerSec" : 0.0
  },
  "Total" : {
    "transaction" : "Total",
    "sampleCount" : 11970,
    "errorCount" : 6001,
    "errorPct" : 50.133667,
    "meanResTime" : 5044.266917293246,
    "medianResTime" : 25.0,
    "minResTime" : 0.0,
    "maxResTime" : 113060.0,
    "pct1ResTime" : 21430.0,
    "pct2ResTime" : 38906.09999999998,
    "pct3ResTime" : 65296.76999999999,
    "throughput" : 102.96242774566474,
    "receivedKBytesPerSec" : 7212.796577434713,
    "sentKBytesPerSec" : 17.262247486151253
  },
  "POST_Add_Character" : {
    "transaction" : "POST_Add_Character",
    "sampleCount" : 1995,
    "errorCount" : 0,
    "errorPct" : 0.0,
    "meanResTime" : 28.21052631578946,
    "medianResTime" : 25.0,
    "minResTime" : 1.0,
    "maxResTime" : 460.0,
    "pct1ResTime" : 40.0,
    "pct2ResTime" : 50.0,
    "pct3ResTime" : 170.15999999999985,
    "throughput" : 17.23467668783206,
    "receivedKBytesPerSec" : 4.443315083581703,
    "sentKBytesPerSec" : 4.022546609757678
  },
  "GET_All_Characters" : {
    "transaction" : "GET_All_Characters",
    "sampleCount" : 1996,
    "errorCount" : 16,
    "errorPct" : 0.8016032,
    "meanResTime" : 29861.946392785558,
    "medianResTime" : 28055.5,
    "minResTime" : 29.0,
    "maxResTime" : 113060.0,
    "pct1ResTime" : 63696.5,
    "pct2ResTime" : 65673.0,
    "pct3ResTime" : 67280.66,
    "throughput" : 17.19859378231199,
    "receivedKBytesPerSec" : 7194.033298714629,
    "sentKBytesPerSec" : 2.9560083063348728
  }
}