{
  "PUT_Update_Character_by_ID" : {
    "transaction" : "PUT_Update_Character_by_ID",
    "sampleCount" : 993,
    "errorCount" : 993,
    "errorPct" : 100.0,
    "meanResTime" : 31.11782477341389,
    "medianResTime" : 21.0,
    "minResTime" : 1.0,
    "maxResTime" : 353.0,
    "pct1ResTime" : 46.0,
    "pct2ResTime" : 84.0,
    "pct3ResTime" : 257.05999999999995,
    "throughput" : 48.94277687416827,
    "receivedKBytesPerSec" : 20.121981507836757,
    "sentKBytesPerSec" : 11.518759010424366
  },
  "DELETE_Delete_Character_by_ID" : {
    "transaction" : "DELETE_Delete_Character_by_ID",
    "sampleCount" : 992,
    "errorCount" : 992,
    "errorPct" : 100.0,
    "meanResTime" : 23.857862903225826,
    "medianResTime" : 21.0,
    "minResTime" : 2.0,
    "maxResTime" : 479.0,
    "pct1ResTime" : 35.0,
    "pct2ResTime" : 42.34999999999991,
    "pct3ResTime" : 116.97999999999911,
    "throughput" : 49.76172560822674,
    "receivedKBytesPerSec" : 20.604464509656385,
    "sentKBytesPerSec" : 9.621896162528218
  },
  "GET_Character_by_ID" : {
    "transaction" : "GET_Character_by_ID",
    "sampleCount" : 995,
    "errorCount" : 995,
    "errorPct" : 100.0,
    "meanResTime" : 2524.649246231156,
    "medianResTime" : 22.0,
    "minResTime" : 4.0,
    "maxResTime" : 13794.0,
    "pct1ResTime" : 10965.8,
    "pct2ResTime" : 11649.2,
    "pct3ResTime" : 12650.079999999998,
    "throughput" : 47.80436244835207,
    "receivedKBytesPerSec" : 19.807459447367158,
    "sentKBytesPerSec" : 8.199859469587777
  },
  "Debug Sampler" : {
    "transaction" : "Debug Sampler",
    "sampleCount" : 992,
    "errorCount" : 0,
    "errorPct" : 0.0,
    "meanResTime" : 1.6008064516129,
    "medianResTime" : 0.0,
    "minResTime" : 0.0,
    "maxResTime" : 349.0,
    "pct1ResTime" : 1.0,
    "pct2ResTime" : 3.349999999999909,
    "pct3ResTime" : 36.41999999999962,
    "throughput" : 49.9169727771348,
    "receivedKBytesPerSec" : 15.977384123559602,
    "sentKBytesPerSec" : 0.0
  },
  "Total" : {
    "transaction" : "Total",
    "sampleCount" : 5966,
    "errorCount" : 2980,
    "errorPct" : 49.949715,
    "meanResTime" : 1582.9079785450886,
    "medianResTime" : 21.0,
    "minResTime" : 0.0,
    "maxResTime" : 14921.0,
    "pct1ResTime" : 8870.300000000003,
    "pct2ResTime" : 10896.65,
    "pct3ResTime" : 12728.32,
    "throughput" : 243.54002530922153,
    "receivedKBytesPerSec" : 12873.943788078643,
    "sentKBytesPerSec" : 40.82383652845246
  },
  "POST_Add_Character" : {
    "transaction" : "POST_Add_Character",
    "sampleCount" : 994,
    "errorCount" : 0,
    "errorPct" : 0.0,
    "meanResTime" : 54.080482897384314,
    "medianResTime" : 22.0,
    "minResTime" : 3.0,
    "maxResTime" : 11280.0,
    "pct1ResTime" : 43.0,
    "pct2ResTime" : 70.5,
    "pct3ResTime" : 324.0,
    "throughput" : 47.857486759749634,
    "receivedKBytesPerSec" : 12.338258305247955,
    "sentKBytesPerSec" : 11.169862632402504
  },
  "GET_All_Characters" : {
    "transaction" : "GET_All_Characters",
    "sampleCount" : 1000,
    "errorCount" : 0,
    "errorPct" : 0.0,
    "meanResTime" : 6821.691999999998,
    "medianResTime" : 6620.5,
    "minResTime" : 129.0,
    "maxResTime" : 14921.0,
    "pct1ResTime" : 12377.4,
    "pct2ResTime" : 12750.9,
    "pct3ResTime" : 14041.9,
    "throughput" : 40.96513866699439,
    "receivedKBytesPerSec" : 12845.354121220966,
    "sentKBytesPerSec" : 7.04088320838966
  }
}